{"cameraMode":{"drawMode":0,"name":"Shaded","section":"Shading Mode"},"sceneLighting":true,"audioPlay":false,"sceneViewState":{"showFog":true,"showMaterialUpdate":false,"showSkybox":true,"showFlares":true,"showImageEffects":true,"showParticleSystems":true,"showVisualEffectGraphs":true,"m_FxEnabled":true},"in2DMode":false,"pivot":{"x":265.3227233886719,"y":155.755615234375,"z":-203.72103881835938},"rotation":{"x":0.0278201624751091,"y":0.0036181954201310875,"z":-0.00010036959429271519,"w":0.9996066093444824},"size":132.92153930664063,"orthographic":false}